Probability,real,muestra,r_proba
0.5548184003107792,1,train,"(0.4, 0.6]"
0.09895291108861713,0,train,"(-0.001, 0.2]"
0.6766732919390347,1,train,"(0.6, 0.8]"
0.17571408468211025,0,train,"(-0.001, 0.2]"
0.15876389215746634,0,train,"(-0.001, 0.2]"
0.3978219301226849,0,train,"(0.2, 0.4]"
0.7622169450723005,1,train,"(0.6, 0.8]"
0.09631964262832739,0,train,"(-0.001, 0.2]"
0.12991501847876705,0,train,"(-0.001, 0.2]"
0.4344409446956031,0,train,"(0.4, 0.6]"
0.9017542200078339,1,train,"(0.8, 1.0]"
0.22358899809088006,0,train,"(0.2, 0.4]"
0.06528351676378308,0,train,"(-0.001, 0.2]"
0.12258892936918972,0,train,"(-0.001, 0.2]"
0.8920754607138148,1,train,"(0.8, 1.0]"
0.052944977083420316,0,train,"(-0.001, 0.2]"
0.4722701606345674,0,train,"(0.4, 0.6]"
0.08464520016000437,0,train,"(-0.001, 0.2]"
0.67441965919246,1,train,"(0.6, 0.8]"
0.06927286147759644,0,train,"(-0.001, 0.2]"
0.3901679878318207,1,train,"(0.2, 0.4]"
0.13956944197251894,1,train,"(-0.001, 0.2]"
0.1261947390077772,0,train,"(-0.001, 0.2]"
0.1071768212445317,0,train,"(-0.001, 0.2]"
0.8255728373019033,1,train,"(0.8, 1.0]"
0.6742920567965135,0,train,"(0.6, 0.8]"
0.11973376043182513,0,train,"(-0.001, 0.2]"
0.22472767661742643,0,train,"(0.2, 0.4]"
0.15381377188093626,0,train,"(-0.001, 0.2]"
0.3741887111531001,0,train,"(0.2, 0.4]"
0.14906275709319297,0,train,"(-0.001, 0.2]"
0.6109500548178326,0,train,"(0.6, 0.8]"
0.46559359842288206,1,train,"(0.4, 0.6]"
0.36613435748669554,1,train,"(0.2, 0.4]"
0.2912109721893175,0,train,"(0.2, 0.4]"
0.31059906826182687,0,train,"(0.2, 0.4]"
0.136852583432451,1,train,"(-0.001, 0.2]"
0.5101735564646428,1,train,"(0.4, 0.6]"
0.07758682350554641,0,train,"(-0.001, 0.2]"
0.3649661010332605,0,train,"(0.2, 0.4]"
0.17805201381643915,0,train,"(-0.001, 0.2]"
0.3128874650916622,0,train,"(0.2, 0.4]"
0.38887908755644435,0,train,"(0.2, 0.4]"
0.7962639914787731,0,train,"(0.6, 0.8]"
0.4331965950598518,1,train,"(0.4, 0.6]"
0.07485537989412978,0,train,"(-0.001, 0.2]"
0.06314934367265176,0,train,"(-0.001, 0.2]"
0.8532191572532589,1,train,"(0.8, 1.0]"
0.5547081469504169,1,train,"(0.4, 0.6]"
0.7387970891519305,1,train,"(0.6, 0.8]"
0.365056612100621,1,train,"(0.2, 0.4]"
0.5125341207871832,0,train,"(0.4, 0.6]"
0.3737833700710007,0,train,"(0.2, 0.4]"
0.08863254634884656,1,train,"(-0.001, 0.2]"
0.20466530232379163,0,train,"(0.2, 0.4]"
0.11967756540860185,0,train,"(-0.001, 0.2]"
0.7056163272814904,1,train,"(0.6, 0.8]"
0.601016614714429,0,train,"(0.6, 0.8]"
0.08856509425448167,1,train,"(-0.001, 0.2]"
0.6742986166889964,0,train,"(0.6, 0.8]"
0.46749706837208693,0,train,"(0.4, 0.6]"
0.14955948988442064,0,train,"(-0.001, 0.2]"
0.18485622384836609,0,train,"(-0.001, 0.2]"
0.17723303959998554,0,train,"(-0.001, 0.2]"
0.4874585780830581,0,train,"(0.4, 0.6]"
0.3063578433675752,0,train,"(0.2, 0.4]"
0.16142960588570304,0,train,"(-0.001, 0.2]"
0.38594290680060617,0,train,"(0.2, 0.4]"
0.911624168790027,1,train,"(0.8, 1.0]"
0.7482075304067669,1,train,"(0.6, 0.8]"
0.15160905304345543,0,train,"(-0.001, 0.2]"
0.1624838924738704,0,train,"(-0.001, 0.2]"
0.10465395845755429,0,train,"(-0.001, 0.2]"
0.12304854922217329,0,train,"(-0.001, 0.2]"
0.05957613843880455,0,train,"(-0.001, 0.2]"
0.0990353706916515,1,train,"(-0.001, 0.2]"
0.14960247120593761,0,train,"(-0.001, 0.2]"
0.09895291108861713,0,train,"(-0.001, 0.2]"
0.8371878116786776,1,train,"(0.8, 1.0]"
0.10453532734719358,0,train,"(-0.001, 0.2]"
0.26394650266854097,1,train,"(0.2, 0.4]"
0.11903774204960695,1,train,"(-0.001, 0.2]"
0.8906022169374285,1,train,"(0.8, 1.0]"
0.09771420451555997,1,train,"(-0.001, 0.2]"
0.047073542728787755,0,train,"(-0.001, 0.2]"
0.36518323265519914,0,train,"(0.2, 0.4]"
0.2923302736925945,0,train,"(0.2, 0.4]"
0.1335861635311577,0,train,"(-0.001, 0.2]"
0.2548371104023971,1,train,"(0.2, 0.4]"
0.12366859148231035,1,train,"(-0.001, 0.2]"
0.10263668969708416,0,train,"(-0.001, 0.2]"
0.10680829453171642,1,train,"(-0.001, 0.2]"
0.5624161728225878,0,train,"(0.4, 0.6]"
0.825908988708313,1,train,"(0.8, 1.0]"
0.7194080346953288,0,train,"(0.6, 0.8]"
0.04739531813303752,0,train,"(-0.001, 0.2]"
0.7785451218211751,0,train,"(0.6, 0.8]"
0.6742986166889964,1,train,"(0.6, 0.8]"
0.22922522437872123,0,train,"(0.2, 0.4]"
0.10172724600802825,0,train,"(-0.001, 0.2]"
0.11045871291025412,0,train,"(-0.001, 0.2]"
0.33844464621235304,0,train,"(0.2, 0.4]"
0.862682734727281,1,train,"(0.8, 1.0]"
0.3500875557931034,0,train,"(0.2, 0.4]"
0.14955948988442064,1,train,"(-0.001, 0.2]"
0.2254725357372342,1,train,"(0.2, 0.4]"
0.06508925921499581,0,train,"(-0.001, 0.2]"
0.040751699615001365,0,train,"(-0.001, 0.2]"
0.7305168956454396,1,train,"(0.6, 0.8]"
0.5083396091205259,1,train,"(0.4, 0.6]"
0.9323598279713965,1,train,"(0.8, 1.0]"
0.17185061682751399,0,train,"(-0.001, 0.2]"
0.9503696043137461,1,train,"(0.8, 1.0]"
0.3037786034149491,0,train,"(0.2, 0.4]"
0.8952356006228388,1,train,"(0.8, 1.0]"
0.9442597230827707,1,train,"(0.8, 1.0]"
0.10072577666867732,0,train,"(-0.001, 0.2]"
0.11035219971609228,0,train,"(-0.001, 0.2]"
0.27489212450191064,0,train,"(0.2, 0.4]"
0.4744739754910001,0,train,"(0.4, 0.6]"
0.10708406912511727,0,train,"(-0.001, 0.2]"
0.6296727372875838,0,train,"(0.6, 0.8]"
0.8684360383018873,0,train,"(0.8, 1.0]"
0.7610950469569708,1,train,"(0.6, 0.8]"
0.9410411814204582,1,train,"(0.8, 1.0]"
0.8093180073542123,1,train,"(0.8, 1.0]"
0.8249057773933319,1,train,"(0.8, 1.0]"
0.8917119140954086,1,train,"(0.8, 1.0]"
0.31949215524218155,0,train,"(0.2, 0.4]"
0.09895291108861713,0,train,"(-0.001, 0.2]"
0.30516178018137974,0,train,"(0.2, 0.4]"
0.6780691943896113,1,train,"(0.6, 0.8]"
0.8255825637804606,1,train,"(0.8, 1.0]"
0.14907627221114841,0,train,"(-0.001, 0.2]"
0.9412902443733759,1,train,"(0.8, 1.0]"
0.081968661627551,0,train,"(-0.001, 0.2]"
0.9128840392068907,1,train,"(0.8, 1.0]"
0.6742829694044293,1,train,"(0.6, 0.8]"
0.943442554374951,1,train,"(0.8, 1.0]"
0.05161948992538916,0,train,"(-0.001, 0.2]"
0.7794989973505082,1,train,"(0.6, 0.8]"
0.4722183111999462,0,train,"(0.4, 0.6]"
0.17185061682751399,0,train,"(-0.001, 0.2]"
0.014620697944214441,0,train,"(-0.001, 0.2]"
0.8859167004158844,1,train,"(0.8, 1.0]"
0.919477700257945,1,train,"(0.8, 1.0]"
0.1294187509762587,0,train,"(-0.001, 0.2]"
0.755100974465423,1,train,"(0.6, 0.8]"
0.892822825801863,1,train,"(0.8, 1.0]"
0.2935305798405666,0,train,"(0.2, 0.4]"
0.09895291108861713,0,train,"(-0.001, 0.2]"
0.5349305583930495,0,train,"(0.4, 0.6]"
0.8788624814355915,1,train,"(0.8, 1.0]"
0.07277556586358777,0,train,"(-0.001, 0.2]"
0.3974603530317244,1,train,"(0.2, 0.4]"
0.09028177189845728,0,train,"(-0.001, 0.2]"
0.0885794213624509,0,train,"(-0.001, 0.2]"
0.10812698801786481,0,train,"(-0.001, 0.2]"
0.8836555725630438,1,train,"(0.8, 1.0]"
0.07248813881664556,0,train,"(-0.001, 0.2]"
0.9353227736600496,1,train,"(0.8, 1.0]"
0.6763837894463374,1,train,"(0.6, 0.8]"
0.44881115177722747,1,train,"(0.4, 0.6]"
0.3648404443441002,0,train,"(0.2, 0.4]"
0.7012772108279037,1,train,"(0.6, 0.8]"
0.38064523077218815,0,train,"(0.2, 0.4]"
0.30603510856339616,0,train,"(0.2, 0.4]"
0.059554286798964316,0,train,"(-0.001, 0.2]"
0.10732907060787447,0,train,"(-0.001, 0.2]"
0.09895291108861713,0,train,"(-0.001, 0.2]"
0.0514119094229579,0,train,"(-0.001, 0.2]"
0.2760166760413807,0,train,"(0.2, 0.4]"
0.3457433870671263,1,train,"(0.2, 0.4]"
0.1491259055350094,0,train,"(-0.001, 0.2]"
0.08102589071639532,0,train,"(-0.001, 0.2]"
0.10424199658049449,1,train,"(-0.001, 0.2]"
0.24294783826361208,0,train,"(0.2, 0.4]"
0.36538435967796623,0,train,"(0.2, 0.4]"
0.1678937004770758,0,train,"(-0.001, 0.2]"
0.8911808430511984,1,train,"(0.8, 1.0]"
0.3521124279253776,0,train,"(0.2, 0.4]"
0.2379879437915187,0,train,"(0.2, 0.4]"
0.20948936325717127,1,train,"(0.2, 0.4]"
0.26760898586741616,0,train,"(0.2, 0.4]"
0.7132005161307197,1,train,"(0.6, 0.8]"
0.34421178656714324,0,train,"(0.2, 0.4]"
0.0922170875231664,0,train,"(-0.001, 0.2]"
0.08614399509079747,0,train,"(-0.001, 0.2]"
0.1966428995215276,0,train,"(-0.001, 0.2]"
0.6124970263946891,1,train,"(0.6, 0.8]"
0.11649456169490899,0,train,"(-0.001, 0.2]"
0.1714462598530864,0,train,"(-0.001, 0.2]"
0.14955948988442064,0,train,"(-0.001, 0.2]"
0.10548456926980979,0,train,"(-0.001, 0.2]"
0.8251226450555039,1,train,"(0.8, 1.0]"
0.04581069408369563,0,train,"(-0.001, 0.2]"
0.3535736870241859,0,train,"(0.2, 0.4]"
0.16088870561915217,1,train,"(-0.001, 0.2]"
0.26008940883023834,0,train,"(0.2, 0.4]"
0.17144371454313212,0,train,"(-0.001, 0.2]"
0.796239311496883,1,train,"(0.6, 0.8]"
0.6742986166889964,1,train,"(0.6, 0.8]"
0.9016108299896523,1,train,"(0.8, 1.0]"
0.09363743485602291,0,train,"(-0.001, 0.2]"
0.3521124279253776,0,train,"(0.2, 0.4]"
0.4875717385401394,0,train,"(0.4, 0.6]"
0.8095787753202688,1,train,"(0.8, 1.0]"
0.8342058896020629,1,train,"(0.8, 1.0]"
0.11895497681564862,0,train,"(-0.001, 0.2]"
0.9455560439948866,1,train,"(0.8, 1.0]"
0.8084927900280051,1,train,"(0.8, 1.0]"
0.11970192877179964,0,train,"(-0.001, 0.2]"
0.951611791720089,1,train,"(0.8, 1.0]"
0.48192523604530335,0,train,"(0.4, 0.6]"
0.9485207155774861,1,train,"(0.8, 1.0]"
0.17144371454313212,0,train,"(-0.001, 0.2]"
0.12309143025438919,0,train,"(-0.001, 0.2]"
0.06702500598791741,0,train,"(-0.001, 0.2]"
0.10267163710445262,0,train,"(-0.001, 0.2]"
0.7253944682085192,1,train,"(0.6, 0.8]"
0.7979642560679541,1,train,"(0.6, 0.8]"
0.07071298893647676,1,train,"(-0.001, 0.2]"
0.8952396711181918,1,train,"(0.8, 1.0]"
0.1346737184857117,0,train,"(-0.001, 0.2]"
0.09108715190410446,1,train,"(-0.001, 0.2]"
0.09890697029639112,1,train,"(-0.001, 0.2]"
0.8775018314106631,1,train,"(0.8, 1.0]"
0.04686570231631329,0,train,"(-0.001, 0.2]"
0.31949215524218155,0,train,"(0.2, 0.4]"
0.26271344797237,0,train,"(0.2, 0.4]"
0.1714462598530864,0,train,"(-0.001, 0.2]"
0.5638590652794034,0,train,"(0.4, 0.6]"
0.825908988708313,1,train,"(0.8, 1.0]"
0.081968661627551,0,train,"(-0.001, 0.2]"
0.12738539069566132,0,train,"(-0.001, 0.2]"
0.47705850222598967,0,train,"(0.4, 0.6]"
0.12295843917291789,0,train,"(-0.001, 0.2]"
0.11903774204960695,0,train,"(-0.001, 0.2]"
0.07677586322354177,0,train,"(-0.001, 0.2]"
0.09901158165237557,0,train,"(-0.001, 0.2]"
0.8881827931335062,1,train,"(0.8, 1.0]"
0.16928743601946253,0,train,"(-0.001, 0.2]"
0.6832033562267059,1,train,"(0.6, 0.8]"
0.20808357127894317,0,train,"(0.2, 0.4]"
0.22647991615665222,0,train,"(0.2, 0.4]"
0.16158904392684503,0,train,"(-0.001, 0.2]"
0.07148289977941541,0,train,"(-0.001, 0.2]"
0.08838668299082851,0,train,"(-0.001, 0.2]"
0.5519328383912222,1,train,"(0.4, 0.6]"
0.5385449793329427,1,train,"(0.4, 0.6]"
0.0987075309147145,0,train,"(-0.001, 0.2]"
0.8256941892673241,1,train,"(0.8, 1.0]"
0.12945258690722336,0,train,"(-0.001, 0.2]"
0.11625511667537645,0,train,"(-0.001, 0.2]"
0.7089567361163199,1,train,"(0.6, 0.8]"
0.14869969799003566,0,train,"(-0.001, 0.2]"
0.27272123440497,1,train,"(0.2, 0.4]"
0.17066819787109205,0,train,"(-0.001, 0.2]"
0.38283404120883713,1,train,"(0.2, 0.4]"
0.7194395489177585,0,train,"(0.6, 0.8]"
0.5221024845420237,0,train,"(0.4, 0.6]"
0.09444501433308222,0,train,"(-0.001, 0.2]"
0.30669328399641627,0,train,"(0.2, 0.4]"
0.368803985195625,1,train,"(0.2, 0.4]"
0.3812019248083779,0,train,"(0.2, 0.4]"
0.12713045517515004,0,train,"(-0.001, 0.2]"
0.1367140575669492,0,train,"(-0.001, 0.2]"
0.0987312549063778,0,train,"(-0.001, 0.2]"
0.11653847854459055,0,train,"(-0.001, 0.2]"
0.878232684148036,1,train,"(0.8, 1.0]"
0.2872360476693923,1,train,"(0.2, 0.4]"
0.11007853661039699,1,train,"(-0.001, 0.2]"
0.8770205119415196,1,train,"(0.8, 1.0]"
0.6675476805733387,1,train,"(0.6, 0.8]"
0.11106800527930265,0,train,"(-0.001, 0.2]"
0.8358327980137761,1,train,"(0.8, 1.0]"
0.8076348896605712,1,train,"(0.8, 1.0]"
0.11973376043182513,0,train,"(-0.001, 0.2]"
0.8746694275881077,1,train,"(0.8, 1.0]"
0.14869969799003566,0,train,"(-0.001, 0.2]"
0.10075257913324123,1,train,"(-0.001, 0.2]"
0.8598330257765583,1,train,"(0.8, 1.0]"
0.3782812552976573,0,train,"(0.2, 0.4]"
0.600632918158437,1,train,"(0.6, 0.8]"
0.06172407049248576,0,train,"(-0.001, 0.2]"
0.8378383032612315,1,train,"(0.8, 1.0]"
0.15867847784068545,0,train,"(-0.001, 0.2]"
0.7837143864728272,1,train,"(0.6, 0.8]"
0.09901158165237557,0,train,"(-0.001, 0.2]"
0.6368694314918003,0,train,"(0.6, 0.8]"
0.09369328151351888,0,train,"(-0.001, 0.2]"
0.21587196632484593,0,train,"(0.2, 0.4]"
0.11444969577314415,0,train,"(-0.001, 0.2]"
0.12078916443231534,0,train,"(-0.001, 0.2]"
0.09901158165237557,0,train,"(-0.001, 0.2]"
0.11601489976845349,0,train,"(-0.001, 0.2]"
0.7858479151483955,1,train,"(0.6, 0.8]"
0.13827356029990923,0,train,"(-0.001, 0.2]"
0.2496261940191504,0,train,"(0.2, 0.4]"
0.5235967736444148,0,train,"(0.4, 0.6]"
0.049671614120081434,0,train,"(-0.001, 0.2]"
0.12638303373526596,1,train,"(-0.001, 0.2]"
0.09901158165237557,0,train,"(-0.001, 0.2]"
0.11717874298378815,0,train,"(-0.001, 0.2]"
0.17144371454313212,0,train,"(-0.001, 0.2]"
0.28455856403389934,0,train,"(0.2, 0.4]"
0.7091693701247597,1,train,"(0.6, 0.8]"
0.1335861635311577,0,train,"(-0.001, 0.2]"
0.12309143025438919,0,train,"(-0.001, 0.2]"
0.3677051826878197,0,train,"(0.2, 0.4]"
0.11978997825106409,0,train,"(-0.001, 0.2]"
0.221892682479252,1,train,"(0.2, 0.4]"
0.550548305889638,0,train,"(0.4, 0.6]"
0.7610950469569708,1,train,"(0.6, 0.8]"
0.1714462598530864,0,train,"(-0.001, 0.2]"
0.08381988020298857,0,train,"(-0.001, 0.2]"
0.8589514116768114,1,train,"(0.8, 1.0]"
0.8875800367267019,1,train,"(0.8, 1.0]"
0.10149357800585791,0,train,"(-0.001, 0.2]"
0.09956479886693997,0,train,"(-0.001, 0.2]"
0.4972813528015442,0,train,"(0.4, 0.6]"
0.276900477535258,0,train,"(0.2, 0.4]"
0.30326318149909837,0,train,"(0.2, 0.4]"
0.08858947913995703,1,train,"(-0.001, 0.2]"
0.46700785678449286,0,train,"(0.4, 0.6]"
0.10448709535431358,0,train,"(-0.001, 0.2]"
0.10661054397092577,1,train,"(-0.001, 0.2]"
0.04528997770144321,0,train,"(-0.001, 0.2]"
0.10598988828970285,0,train,"(-0.001, 0.2]"
0.14955042820305134,0,train,"(-0.001, 0.2]"
0.12966205049578383,0,train,"(-0.001, 0.2]"
0.7455621340255376,0,train,"(0.6, 0.8]"
0.34421178656714324,1,train,"(0.2, 0.4]"
0.8563846366701944,1,train,"(0.8, 1.0]"
0.08639904659860694,0,train,"(-0.001, 0.2]"
0.1788297226152221,0,train,"(-0.001, 0.2]"
0.6635524885236034,0,train,"(0.6, 0.8]"
0.18531824928830332,0,train,"(-0.001, 0.2]"
0.48001861701949794,0,train,"(0.4, 0.6]"
0.7897370521676208,1,train,"(0.6, 0.8]"
0.8817757244973549,1,train,"(0.8, 1.0]"
0.0806567279748866,0,train,"(-0.001, 0.2]"
0.5244091906795145,1,train,"(0.4, 0.6]"
0.18770292140090458,1,train,"(-0.001, 0.2]"
0.086684297212034,0,train,"(-0.001, 0.2]"
0.8287492294913417,1,train,"(0.8, 1.0]"
0.5260563050824646,1,train,"(0.4, 0.6]"
0.25121680421720155,0,train,"(0.2, 0.4]"
0.1714462598530864,1,train,"(-0.001, 0.2]"
0.5070744124676227,0,train,"(0.4, 0.6]"
0.07631606185751863,0,train,"(-0.001, 0.2]"
0.8834596994150726,1,train,"(0.8, 1.0]"
0.09890697029639112,0,train,"(-0.001, 0.2]"
0.6768609269178909,1,train,"(0.6, 0.8]"
0.08858947913995703,0,train,"(-0.001, 0.2]"
0.16219382034358407,0,train,"(-0.001, 0.2]"
0.1953524340713773,0,train,"(-0.001, 0.2]"
0.3251678916975329,0,train,"(0.2, 0.4]"
0.9419063595443065,0,train,"(0.8, 1.0]"
0.06311780137750883,1,train,"(-0.001, 0.2]"
0.1661069442218856,0,train,"(-0.001, 0.2]"
0.23336422831357603,0,train,"(0.2, 0.4]"
0.44004774509292655,0,train,"(0.4, 0.6]"
0.6418055500003919,1,train,"(0.6, 0.8]"
0.09369328151351888,0,train,"(-0.001, 0.2]"
0.5588211351034305,0,train,"(0.4, 0.6]"
0.10167118953266263,1,train,"(-0.001, 0.2]"
0.1200657752770167,0,train,"(-0.001, 0.2]"
0.11903774204960695,0,train,"(-0.001, 0.2]"
0.10453532734719358,0,train,"(-0.001, 0.2]"
0.14579285710442805,1,train,"(-0.001, 0.2]"
0.17949048944149515,0,train,"(-0.001, 0.2]"
0.9410895984621356,1,train,"(0.8, 1.0]"
0.6229942873772123,1,train,"(0.6, 0.8]"
0.805250763430638,1,train,"(0.8, 1.0]"
0.8825398045909332,1,train,"(0.8, 1.0]"
0.8852492949179612,1,train,"(0.8, 1.0]"
0.1873387822117174,0,train,"(-0.001, 0.2]"
0.026220824797686226,0,train,"(-0.001, 0.2]"
0.06106232199225016,0,train,"(-0.001, 0.2]"
0.8897850520292203,1,train,"(0.8, 1.0]"
0.4350667454083347,1,train,"(0.4, 0.6]"
0.5946208587483717,0,train,"(0.4, 0.6]"
0.07277556586358777,1,train,"(-0.001, 0.2]"
0.3553472732194768,0,train,"(0.2, 0.4]"
0.35697272789849216,1,train,"(0.2, 0.4]"
0.08331209309706561,0,train,"(-0.001, 0.2]"
0.21496097317111312,0,train,"(0.2, 0.4]"
0.5861245281100654,0,train,"(0.4, 0.6]"
0.5640208392987057,0,train,"(0.4, 0.6]"
0.1436393470011393,1,train,"(-0.001, 0.2]"
0.061102386990324505,0,train,"(-0.001, 0.2]"
0.21401697991627533,0,train,"(0.2, 0.4]"
0.554884439134057,0,train,"(0.4, 0.6]"
0.1074295818664025,0,train,"(-0.001, 0.2]"
0.9526063345182478,1,train,"(0.8, 1.0]"
0.10453201276497448,0,train,"(-0.001, 0.2]"
0.27277130057711607,0,train,"(0.2, 0.4]"
0.9455560439948866,1,train,"(0.8, 1.0]"
0.2435440229034158,0,train,"(0.2, 0.4]"
0.09952424755863269,0,train,"(-0.001, 0.2]"
0.3395414474430415,0,train,"(0.2, 0.4]"
0.12345868402342455,0,train,"(-0.001, 0.2]"
0.6154031712878812,1,train,"(0.6, 0.8]"
0.6746615807313167,0,train,"(0.6, 0.8]"
0.0625620889248305,0,train,"(-0.001, 0.2]"
0.14869969799003566,0,train,"(-0.001, 0.2]"
0.12559530316665196,1,train,"(-0.001, 0.2]"
0.08500071275651007,1,train,"(-0.001, 0.2]"
0.2760166760413807,0,train,"(0.2, 0.4]"
0.12371762883223804,0,train,"(-0.001, 0.2]"
0.8478634310987613,1,train,"(0.8, 1.0]"
0.11660622649414118,0,train,"(-0.001, 0.2]"
0.13543944785502118,0,train,"(-0.001, 0.2]"
0.5625523873036808,1,train,"(0.4, 0.6]"
0.3764437902086741,1,train,"(0.2, 0.4]"
0.31139278535778553,0,train,"(0.2, 0.4]"
0.6754497692228555,0,train,"(0.6, 0.8]"
0.3107219084308787,0,train,"(0.2, 0.4]"
0.1657899077629741,1,train,"(-0.001, 0.2]"
0.4573211656068529,1,train,"(0.4, 0.6]"
0.2686731557663945,0,train,"(0.2, 0.4]"
0.10896683853089228,0,train,"(-0.001, 0.2]"
0.15461888916075395,0,train,"(-0.001, 0.2]"
0.0988214523855135,0,train,"(-0.001, 0.2]"
0.09895291108861713,0,train,"(-0.001, 0.2]"
0.16294083886133123,0,train,"(-0.001, 0.2]"
0.67441965919246,1,train,"(0.6, 0.8]"
0.9879746904188932,1,train,"(0.8, 1.0]"
0.912682553113257,1,train,"(0.8, 1.0]"
0.49473418605704855,1,train,"(0.4, 0.6]"
0.1375849466961892,0,train,"(-0.001, 0.2]"
0.6076324047611428,1,train,"(0.6, 0.8]"
0.09895291108861713,0,train,"(-0.001, 0.2]"
0.3004125949888658,1,train,"(0.2, 0.4]"
0.014620697944214441,0,train,"(-0.001, 0.2]"
0.26498460797382395,0,train,"(0.2, 0.4]"
0.733359872315425,1,train,"(0.6, 0.8]"
0.5083396091205259,1,train,"(0.4, 0.6]"
0.6183618327629177,0,train,"(0.6, 0.8]"
0.08073585007355295,0,train,"(-0.001, 0.2]"
0.09895291108861713,0,train,"(-0.001, 0.2]"
0.08230817398044431,0,train,"(-0.001, 0.2]"
0.30452361796443883,1,train,"(0.2, 0.4]"
0.29767043110164676,0,train,"(0.2, 0.4]"
0.06854074238697287,0,train,"(-0.001, 0.2]"
0.36098685094344873,1,train,"(0.2, 0.4]"
0.6709392171080604,1,train,"(0.6, 0.8]"
0.8502122542672496,1,train,"(0.8, 1.0]"
0.06870102881730183,0,train,"(-0.001, 0.2]"
0.8091338252658149,1,train,"(0.8, 1.0]"
0.3458342230034281,1,train,"(0.2, 0.4]"
0.2788728713864837,0,train,"(0.2, 0.4]"
0.36485315048521033,0,train,"(0.2, 0.4]"
0.014620697944214441,0,train,"(-0.001, 0.2]"
0.1714462598530864,0,train,"(-0.001, 0.2]"
0.24422708913293215,0,train,"(0.2, 0.4]"
0.8405136792818726,1,train,"(0.8, 1.0]"
0.17792070301102247,0,train,"(-0.001, 0.2]"
0.7367034600012392,0,train,"(0.6, 0.8]"
0.6365939168841283,1,train,"(0.6, 0.8]"
0.3954425051406776,1,train,"(0.2, 0.4]"
0.10680829453171642,1,train,"(-0.001, 0.2]"
0.09901158165237557,0,train,"(-0.001, 0.2]"
0.09901158165237557,0,train,"(-0.001, 0.2]"
0.6598634176822928,0,train,"(0.6, 0.8]"
0.136852583432451,0,train,"(-0.001, 0.2]"
0.31598507863729464,1,train,"(0.2, 0.4]"
0.2381176978717525,1,train,"(0.2, 0.4]"
0.19906592999488176,1,train,"(-0.001, 0.2]"
0.7938938577323306,1,train,"(0.6, 0.8]"
0.07204790790386267,0,train,"(-0.001, 0.2]"
0.06147114294840464,0,train,"(-0.001, 0.2]"
0.19730145709729932,0,train,"(-0.001, 0.2]"
0.09891487927801398,0,train,"(-0.001, 0.2]"
0.17722434097622314,0,train,"(-0.001, 0.2]"
0.0815036118881166,0,train,"(-0.001, 0.2]"
0.5409361080803993,0,train,"(0.4, 0.6]"
0.5420392579195207,1,train,"(0.4, 0.6]"
0.6229942873772123,1,train,"(0.6, 0.8]"
0.09895291108861713,0,train,"(-0.001, 0.2]"
0.8360079023940203,1,train,"(0.8, 1.0]"
0.12333079738939556,0,train,"(-0.001, 0.2]"
0.04293790391523271,0,train,"(-0.001, 0.2]"
0.7888224595137091,1,train,"(0.6, 0.8]"
0.674286904686226,1,train,"(0.6, 0.8]"
0.6742986166889964,1,train,"(0.6, 0.8]"
0.051556869846187466,0,train,"(-0.001, 0.2]"
0.674185422780904,0,train,"(0.6, 0.8]"
0.6742986166889964,1,train,"(0.6, 0.8]"
0.6742986166889964,1,train,"(0.6, 0.8]"
0.09956479886693997,0,train,"(-0.001, 0.2]"
0.3063578433675752,0,train,"(0.2, 0.4]"
0.4401136359740645,0,train,"(0.4, 0.6]"
0.1435142899559327,0,train,"(-0.001, 0.2]"
0.8434631566422741,1,train,"(0.8, 1.0]"
0.12441449820569365,1,train,"(-0.001, 0.2]"
0.20672966025052708,0,train,"(0.2, 0.4]"
0.20808357127894317,1,train,"(0.2, 0.4]"
0.27489212450191064,0,train,"(0.2, 0.4]"
0.2760166760413807,0,train,"(0.2, 0.4]"
0.11967567765159344,1,train,"(-0.001, 0.2]"
0.05775376911940822,0,train,"(-0.001, 0.2]"
0.8892643528323118,0,train,"(0.8, 1.0]"
0.1374415996246361,0,train,"(-0.001, 0.2]"
0.2521824554511094,0,train,"(0.2, 0.4]"
0.075082213462214,0,train,"(-0.001, 0.2]"
0.3245626946503165,1,train,"(0.2, 0.4]"
0.645191029398851,1,train,"(0.6, 0.8]"
0.36782597913321285,0,train,"(0.2, 0.4]"
0.8945620512259338,1,train,"(0.8, 1.0]"
0.5223028645581492,0,train,"(0.4, 0.6]"
0.6647047673568848,0,train,"(0.6, 0.8]"
0.7491708910720126,1,train,"(0.6, 0.8]"
0.41060214590001914,0,train,"(0.4, 0.6]"
0.20423860884335218,0,train,"(0.2, 0.4]"
0.12625355531240517,0,train,"(-0.001, 0.2]"
0.2551400875590596,1,train,"(0.2, 0.4]"
0.8337751485791519,1,train,"(0.8, 1.0]"
0.5713867589597383,1,train,"(0.4, 0.6]"
0.8657765572647043,1,train,"(0.8, 1.0]"
0.9317219707287526,1,train,"(0.8, 1.0]"
0.3959548679229572,0,train,"(0.2, 0.4]"
0.08610343281349377,0,train,"(-0.001, 0.2]"
0.3392290738684323,1,train,"(0.2, 0.4]"
0.5223028645581492,0,train,"(0.4, 0.6]"
0.3171230886950667,1,train,"(0.2, 0.4]"
0.47011646924362016,0,train,"(0.4, 0.6]"
0.6801595651511874,1,train,"(0.6, 0.8]"
0.08381988020298857,0,train,"(-0.001, 0.2]"
0.167546585616876,1,train,"(-0.001, 0.2]"
0.9005483234940521,1,train,"(0.8, 1.0]"
0.8970827717231386,1,train,"(0.8, 1.0]"
0.014620697944214441,0,train,"(-0.001, 0.2]"
0.768891778243994,1,train,"(0.6, 0.8]"
0.1692858385464626,0,train,"(-0.001, 0.2]"
0.5225169145145055,0,train,"(0.4, 0.6]"
0.10459692357881988,0,train,"(-0.001, 0.2]"
0.7555071603983607,0,train,"(0.6, 0.8]"
0.21140424395031052,0,train,"(0.2, 0.4]"
0.056250373561250004,0,train,"(-0.001, 0.2]"
0.09895291108861713,0,train,"(-0.001, 0.2]"
0.07348597867689005,0,train,"(-0.001, 0.2]"
0.9258767667483754,1,train,"(0.8, 1.0]"
0.8981571372921398,1,train,"(0.8, 1.0]"
0.1714462598530864,0,train,"(-0.001, 0.2]"
0.07073274096226088,0,train,"(-0.001, 0.2]"
0.11702436454533671,0,train,"(-0.001, 0.2]"
0.7238408215758437,0,train,"(0.6, 0.8]"
0.5157670183486007,0,train,"(0.4, 0.6]"
0.12965001486364597,0,train,"(-0.001, 0.2]"
0.10465857364677776,0,train,"(-0.001, 0.2]"
0.8684471748380655,1,train,"(0.8, 1.0]"
0.09901158165237557,0,train,"(-0.001, 0.2]"
0.8208010064875443,1,train,"(0.8, 1.0]"
0.12295843917291789,0,train,"(-0.001, 0.2]"
0.26246407917711034,0,train,"(0.2, 0.4]"
0.5640208392987057,0,train,"(0.4, 0.6]"
0.8427850322768732,1,train,"(0.8, 1.0]"
0.14955948988442064,0,train,"(-0.001, 0.2]"
0.6229942873772123,1,train,"(0.6, 0.8]"
0.03932126360121386,0,train,"(-0.001, 0.2]"
0.5787775569621856,1,train,"(0.4, 0.6]"
0.754624166754831,1,train,"(0.6, 0.8]"
0.7879351124585334,1,train,"(0.6, 0.8]"
0.4315191217992424,0,train,"(0.4, 0.6]"
0.8739800876451713,1,train,"(0.8, 1.0]"
0.2850574280655141,0,train,"(0.2, 0.4]"
0.1263104176706878,0,train,"(-0.001, 0.2]"
0.06456739457509446,0,train,"(-0.001, 0.2]"
0.548035878657832,1,train,"(0.4, 0.6]"
0.058161395540534,0,train,"(-0.001, 0.2]"
0.9266285643510599,1,train,"(0.8, 1.0]"
0.398613028677191,1,train,"(0.2, 0.4]"
0.11620033877650289,0,train,"(-0.001, 0.2]"
0.1263104176706878,0,train,"(-0.001, 0.2]"
0.2876729626179478,0,train,"(0.2, 0.4]"
0.0585265526646114,0,train,"(-0.001, 0.2]"
0.07919782701909875,0,train,"(-0.001, 0.2]"
0.3617217552212667,0,train,"(0.2, 0.4]"
0.06675539661831272,0,train,"(-0.001, 0.2]"
0.3909087616277392,0,train,"(0.2, 0.4]"
0.5814917399259754,1,train,"(0.4, 0.6]"
0.1457155120613765,1,train,"(-0.001, 0.2]"
0.8661196849316635,1,train,"(0.8, 1.0]"
0.6102610958944261,0,train,"(0.6, 0.8]"
0.14955948988442064,0,train,"(-0.001, 0.2]"
0.8169488160052096,1,train,"(0.8, 1.0]"
0.1692858385464626,0,train,"(-0.001, 0.2]"
0.25121680421720155,1,train,"(0.2, 0.4]"
0.09895291108861713,0,train,"(-0.001, 0.2]"
0.14955948988442064,0,train,"(-0.001, 0.2]"
0.05946182674558552,0,train,"(-0.001, 0.2]"
0.43460258954496117,0,train,"(0.4, 0.6]"
0.34662331666654594,0,train,"(0.2, 0.4]"
0.4145323765865469,0,train,"(0.4, 0.6]"
0.09103418528846831,0,train,"(-0.001, 0.2]"
0.2760166760413807,0,train,"(0.2, 0.4]"
0.11943057797410367,0,train,"(-0.001, 0.2]"
0.3063578433675752,0,train,"(0.2, 0.4]"
0.0887402970715007,0,train,"(-0.001, 0.2]"
0.36699129616767506,0,train,"(0.2, 0.4]"
0.12542784533341586,0,train,"(-0.001, 0.2]"
0.15118881355527544,0,train,"(-0.001, 0.2]"
0.07907346923393303,0,train,"(-0.001, 0.2]"
0.747872083548176,1,train,"(0.6, 0.8]"
0.2149823123432715,0,train,"(0.2, 0.4]"
0.12638303373526596,0,train,"(-0.001, 0.2]"
0.09901158165237557,0,train,"(-0.001, 0.2]"
0.7056163272814904,1,train,"(0.6, 0.8]"
0.5687767128590069,1,train,"(0.4, 0.6]"
0.11956681811843921,0,train,"(-0.001, 0.2]"
0.2760166760413807,0,train,"(0.2, 0.4]"
0.09901158165237557,0,train,"(-0.001, 0.2]"
0.0815036118881166,0,train,"(-0.001, 0.2]"
0.25593214057432057,0,train,"(0.2, 0.4]"
0.9693631514547594,1,train,"(0.8, 1.0]"
0.33193269487049454,0,train,"(0.2, 0.4]"
0.615295070865407,1,train,"(0.6, 0.8]"
0.36979766757321925,0,train,"(0.2, 0.4]"
0.04325233028559416,0,train,"(-0.001, 0.2]"
0.9075998858174132,1,train,"(0.8, 1.0]"
0.4451674662453316,0,train,"(0.4, 0.6]"
0.13032037574325714,1,valid,"(-0.001, 0.2]"
0.26675384564839416,0,valid,"(0.2, 0.4]"
0.12299101582709193,0,valid,"(-0.001, 0.2]"
0.9016633754443006,1,valid,"(0.8, 1.0]"
0.7458595888557941,1,valid,"(0.6, 0.8]"
0.900061015121102,1,valid,"(0.8, 1.0]"
0.6742986166889964,1,valid,"(0.6, 0.8]"
0.08979104024153853,0,valid,"(-0.001, 0.2]"
0.7491842789836126,1,valid,"(0.6, 0.8]"
0.8798062445192862,1,valid,"(0.8, 1.0]"
0.27444016787888875,0,valid,"(0.2, 0.4]"
0.06314934367265176,0,valid,"(-0.001, 0.2]"
0.3677051826878197,0,valid,"(0.2, 0.4]"
0.16293839499181573,0,valid,"(-0.001, 0.2]"
0.23989980790478835,0,valid,"(0.2, 0.4]"
0.9034917704789397,1,valid,"(0.8, 1.0]"
0.24466376524197828,1,valid,"(0.2, 0.4]"
0.674372818878108,1,valid,"(0.6, 0.8]"
0.2935305798405666,0,valid,"(0.2, 0.4]"
0.2642677749085633,0,valid,"(0.2, 0.4]"
0.11039409031238243,0,valid,"(-0.001, 0.2]"
0.3240202993478581,1,valid,"(0.2, 0.4]"
0.5678571695436103,1,valid,"(0.4, 0.6]"
0.12359049478582053,0,valid,"(-0.001, 0.2]"
0.10149357800585791,0,valid,"(-0.001, 0.2]"
0.07269408602479602,0,valid,"(-0.001, 0.2]"
0.4311149346278591,0,valid,"(0.4, 0.6]"
0.26884517943746655,1,valid,"(0.2, 0.4]"
0.0860587344942629,0,valid,"(-0.001, 0.2]"
0.5411610946189342,0,valid,"(0.4, 0.6]"
0.1263104176706878,0,valid,"(-0.001, 0.2]"
0.6081408561576391,1,valid,"(0.6, 0.8]"
0.5254686283921782,0,valid,"(0.4, 0.6]"
0.5634962308516903,0,valid,"(0.4, 0.6]"
0.12979450521331973,1,valid,"(-0.001, 0.2]"
0.14522936607617468,0,valid,"(-0.001, 0.2]"
0.3742828023404128,1,valid,"(0.2, 0.4]"
0.6742986166889964,1,valid,"(0.6, 0.8]"
0.9246949808731093,1,valid,"(0.8, 1.0]"
0.09895291108861713,0,valid,"(-0.001, 0.2]"
0.27810914626505134,0,valid,"(0.2, 0.4]"
0.07574846697442812,0,valid,"(-0.001, 0.2]"
0.09901158165237557,0,valid,"(-0.001, 0.2]"
0.14955948988442064,0,valid,"(-0.001, 0.2]"
0.575276116388223,0,valid,"(0.4, 0.6]"
0.09252649223333112,0,valid,"(-0.001, 0.2]"
0.12643405585594525,0,valid,"(-0.001, 0.2]"
0.11400152415441098,0,valid,"(-0.001, 0.2]"
0.11004021862563786,0,valid,"(-0.001, 0.2]"
0.3409531473958205,0,valid,"(0.2, 0.4]"
0.7366956051593068,1,valid,"(0.6, 0.8]"
0.7519875185667739,1,valid,"(0.6, 0.8]"
0.04139251813584887,0,valid,"(-0.001, 0.2]"
0.4776565611829842,1,valid,"(0.4, 0.6]"
0.05374144959755087,0,valid,"(-0.001, 0.2]"
0.9045486704204146,1,valid,"(0.8, 1.0]"
0.26082152828514804,0,valid,"(0.2, 0.4]"
0.9383268655537101,1,valid,"(0.8, 1.0]"
0.7985411283436863,1,valid,"(0.6, 0.8]"
0.7316821860226237,1,valid,"(0.6, 0.8]"
0.119666329138962,0,valid,"(-0.001, 0.2]"
0.8748364222017598,1,valid,"(0.8, 1.0]"
0.7947647098621282,1,valid,"(0.6, 0.8]"
0.3647663007669288,0,valid,"(0.2, 0.4]"
0.14955948988442064,0,valid,"(-0.001, 0.2]"
0.6593396033836225,0,valid,"(0.6, 0.8]"
0.3924790737614873,0,valid,"(0.2, 0.4]"
0.0962546772295604,0,valid,"(-0.001, 0.2]"
0.16849891970745035,0,valid,"(-0.001, 0.2]"
0.8555778782819935,1,valid,"(0.8, 1.0]"
0.7886063545547031,0,valid,"(0.6, 0.8]"
0.958820243617404,1,valid,"(0.8, 1.0]"
0.5399372513694821,1,valid,"(0.4, 0.6]"
0.8907658843445647,1,valid,"(0.8, 1.0]"
0.11341216168733279,0,valid,"(-0.001, 0.2]"
0.0642167284903327,0,valid,"(-0.001, 0.2]"
0.6573084095720585,0,valid,"(0.6, 0.8]"
0.9330396167732008,1,valid,"(0.8, 1.0]"
0.7775469065538921,0,valid,"(0.6, 0.8]"
0.42932237980114657,0,valid,"(0.4, 0.6]"
0.05524951287896303,0,valid,"(-0.001, 0.2]"
0.8199033628720425,1,valid,"(0.8, 1.0]"
0.9078010359693205,1,valid,"(0.8, 1.0]"
0.14955270714619412,0,valid,"(-0.001, 0.2]"
0.32008580891063715,0,valid,"(0.2, 0.4]"
0.24391124959484065,0,valid,"(0.2, 0.4]"
0.9288988070670944,1,valid,"(0.8, 1.0]"
0.9320451235152748,1,valid,"(0.8, 1.0]"
0.2747176854055768,0,valid,"(0.2, 0.4]"
0.0987075309147145,0,valid,"(-0.001, 0.2]"
0.14535541955549314,1,valid,"(-0.001, 0.2]"
0.42707304111689237,0,valid,"(0.4, 0.6]"
0.1771860726380969,0,valid,"(-0.001, 0.2]"
0.14954820354806622,0,valid,"(-0.001, 0.2]"
0.09895291108861713,0,valid,"(-0.001, 0.2]"
0.0989370882744589,0,valid,"(-0.001, 0.2]"
0.21199701914211408,1,valid,"(0.2, 0.4]"
0.061366022811769005,1,valid,"(-0.001, 0.2]"
0.7879351124585334,1,valid,"(0.6, 0.8]"
0.10171016149553444,0,valid,"(-0.001, 0.2]"
0.16055029696854925,0,valid,"(-0.001, 0.2]"
0.08120867840681868,0,valid,"(-0.001, 0.2]"
0.9448920907232532,1,valid,"(0.8, 1.0]"
0.07460587482859699,0,valid,"(-0.001, 0.2]"
0.09240432199230711,0,valid,"(-0.001, 0.2]"
0.08500071275651007,0,valid,"(-0.001, 0.2]"
0.7199747284656739,1,valid,"(0.6, 0.8]"
0.2532227191563046,0,valid,"(0.2, 0.4]"
0.09421989072574248,1,valid,"(-0.001, 0.2]"
0.4345492675149856,1,valid,"(0.4, 0.6]"
0.8536824452521021,1,valid,"(0.8, 1.0]"
0.12104625054395829,0,valid,"(-0.001, 0.2]"
0.9281372028908965,1,valid,"(0.8, 1.0]"
0.3105450238412154,1,valid,"(0.2, 0.4]"
0.5697484386130337,0,valid,"(0.4, 0.6]"
0.12387765351263794,0,valid,"(-0.001, 0.2]"
0.232417972357159,0,valid,"(0.2, 0.4]"
0.3734564939292356,0,valid,"(0.2, 0.4]"
0.8102346285358544,1,valid,"(0.8, 1.0]"
0.31110706578519237,0,valid,"(0.2, 0.4]"
0.20134609614931648,0,valid,"(0.2, 0.4]"
0.9333948651768389,1,valid,"(0.8, 1.0]"
0.6911175214941164,1,valid,"(0.6, 0.8]"
0.448315375947483,1,valid,"(0.4, 0.6]"
0.10716568154872683,0,valid,"(-0.001, 0.2]"
0.4676554112353213,1,valid,"(0.4, 0.6]"
0.7806621057221299,1,valid,"(0.6, 0.8]"
0.6061326699927425,0,valid,"(0.6, 0.8]"
0.6598673435465845,0,valid,"(0.6, 0.8]"
0.11978997825106409,0,valid,"(-0.001, 0.2]"
0.67441965919246,1,valid,"(0.6, 0.8]"
0.13032037574325714,1,valid,"(-0.001, 0.2]"
0.2760166760413807,0,valid,"(0.2, 0.4]"
0.7269049417844756,1,valid,"(0.6, 0.8]"
0.33490056063395635,1,valid,"(0.2, 0.4]"
0.7426538289344,1,valid,"(0.6, 0.8]"
0.9483294598198455,1,valid,"(0.8, 1.0]"
0.0962175717248399,0,valid,"(-0.001, 0.2]"
0.0667288232356324,0,valid,"(-0.001, 0.2]"
0.5856697728967678,0,valid,"(0.4, 0.6]"
0.11996250675797081,0,valid,"(-0.001, 0.2]"
0.7037299199655407,0,valid,"(0.6, 0.8]"
0.2872360476693923,0,valid,"(0.2, 0.4]"
0.19992005522385017,0,valid,"(-0.001, 0.2]"
0.49766475881710165,0,valid,"(0.4, 0.6]"
0.7502400369351593,1,valid,"(0.6, 0.8]"
0.27489212450191064,0,valid,"(0.2, 0.4]"
0.11102334655072894,0,valid,"(-0.001, 0.2]"
0.9428578679087558,1,valid,"(0.8, 1.0]"
0.06498090080627644,0,valid,"(-0.001, 0.2]"
0.17234705363444186,0,valid,"(-0.001, 0.2]"
0.11022661146403807,0,valid,"(-0.001, 0.2]"
0.12967206486635396,0,valid,"(-0.001, 0.2]"
0.6316216399852893,1,valid,"(0.6, 0.8]"
0.09901158165237557,0,valid,"(-0.001, 0.2]"
0.09863164825106052,0,valid,"(-0.001, 0.2]"
0.11903774204960695,1,valid,"(-0.001, 0.2]"
0.6743337513909208,1,valid,"(0.6, 0.8]"
0.7520370223016465,1,valid,"(0.6, 0.8]"
0.5699497283560331,0,valid,"(0.4, 0.6]"
0.19186355578077668,0,valid,"(-0.001, 0.2]"
0.36538435967796623,1,valid,"(0.2, 0.4]"
0.22358899809088006,0,valid,"(0.2, 0.4]"
0.9261391324149387,1,valid,"(0.8, 1.0]"
0.1499442412869629,0,valid,"(-0.001, 0.2]"
0.27026365843169264,0,valid,"(0.2, 0.4]"
0.31717775125304687,0,valid,"(0.2, 0.4]"
0.8536091575964064,1,valid,"(0.8, 1.0]"
0.11653847854459055,0,valid,"(-0.001, 0.2]"
0.08118480757019575,0,valid,"(-0.001, 0.2]"
0.5733686639516807,1,valid,"(0.4, 0.6]"
0.8409757387655177,1,valid,"(0.8, 1.0]"
0.3106363743198203,1,valid,"(0.2, 0.4]"
0.759151404146341,0,valid,"(0.6, 0.8]"
0.13282880220093687,0,valid,"(-0.001, 0.2]"
0.17144371454313212,0,valid,"(-0.001, 0.2]"
0.3320130249948044,1,valid,"(0.2, 0.4]"
0.8678713356337631,1,valid,"(0.8, 1.0]"
0.6616443378657879,1,valid,"(0.6, 0.8]"
0.2538206309614536,0,valid,"(0.2, 0.4]"
0.31949215524218155,0,valid,"(0.2, 0.4]"
0.08858947913995703,0,valid,"(-0.001, 0.2]"
0.0826803804584906,0,valid,"(-0.001, 0.2]"
0.449631527532417,0,valid,"(0.4, 0.6]"
0.7409173834933478,0,valid,"(0.6, 0.8]"
0.2551400875590596,0,valid,"(0.2, 0.4]"
0.37784049802924446,0,valid,"(0.2, 0.4]"
0.09895291108861713,0,valid,"(-0.001, 0.2]"
0.3742828023404128,1,valid,"(0.2, 0.4]"
0.7556979232660439,1,valid,"(0.6, 0.8]"
0.06060435440031175,0,valid,"(-0.001, 0.2]"
0.25641643854436175,0,valid,"(0.2, 0.4]"
0.10574543608865844,0,valid,"(-0.001, 0.2]"
0.09685943585929896,1,valid,"(-0.001, 0.2]"
0.6988599521077274,1,valid,"(0.6, 0.8]"
0.8471035480595122,1,valid,"(0.8, 1.0]"
0.9569733955731671,1,valid,"(0.8, 1.0]"
0.25121680421720155,0,valid,"(0.2, 0.4]"
0.8929407406630508,1,valid,"(0.8, 1.0]"
0.4121949534485081,0,valid,"(0.4, 0.6]"
0.0382699903151332,0,valid,"(-0.001, 0.2]"
0.5495899572980928,0,valid,"(0.4, 0.6]"
0.8867595305131251,1,valid,"(0.8, 1.0]"
0.30893153631458264,1,valid,"(0.2, 0.4]"
0.20898922276471313,1,valid,"(0.2, 0.4]"
0.6809206290073826,1,valid,"(0.6, 0.8]"
0.09685320358547757,0,valid,"(-0.001, 0.2]"
0.29877668811036906,1,valid,"(0.2, 0.4]"
0.17587180251955023,0,valid,"(-0.001, 0.2]"
0.05313560665989442,0,valid,"(-0.001, 0.2]"
0.6697347620491827,0,valid,"(0.6, 0.8]"
0.09340386944850658,0,valid,"(-0.001, 0.2]"
0.9041865810777105,1,valid,"(0.8, 1.0]"
0.1495459246614833,0,valid,"(-0.001, 0.2]"
0.3677051826878197,0,valid,"(0.2, 0.4]"
0.09688561665516966,0,valid,"(-0.001, 0.2]"
0.7964346652902761,1,valid,"(0.6, 0.8]"
0.36165805955040203,0,valid,"(0.2, 0.4]"
0.8327956510800594,1,valid,"(0.8, 1.0]"
0.0987075309147145,0,valid,"(-0.001, 0.2]"
0.09895291108861713,0,valid,"(-0.001, 0.2]"
0.8427850322768732,0,valid,"(0.8, 1.0]"
0.09905162994905399,0,valid,"(-0.001, 0.2]"
0.36930068786649667,1,valid,"(0.2, 0.4]"
0.10708406912511727,0,valid,"(-0.001, 0.2]"
0.8158707811012866,1,valid,"(0.8, 1.0]"
0.11637386443589329,0,valid,"(-0.001, 0.2]"
0.587366460087088,1,valid,"(0.4, 0.6]"
0.813979832481509,1,valid,"(0.8, 1.0]"
0.5788511931591078,1,valid,"(0.4, 0.6]"
0.21140424395031052,0,valid,"(0.2, 0.4]"
0.9550457196518113,1,valid,"(0.8, 1.0]"
0.14955948988442064,0,valid,"(-0.001, 0.2]"
0.7089604332929114,1,valid,"(0.6, 0.8]"
0.0992449336884024,0,valid,"(-0.001, 0.2]"
0.6081662725795175,1,valid,"(0.6, 0.8]"
0.8320855304705357,1,valid,"(0.8, 1.0]"
0.6389060482113681,1,valid,"(0.6, 0.8]"
0.9516515826685105,1,valid,"(0.8, 1.0]"
0.20981649204784206,0,valid,"(0.2, 0.4]"
0.12263958627611553,0,valid,"(-0.001, 0.2]"
0.716307554511976,1,valid,"(0.6, 0.8]"
0.17144371454313212,0,valid,"(-0.001, 0.2]"
0.6235145626674591,0,valid,"(0.6, 0.8]"
0.1446305963974338,0,valid,"(-0.001, 0.2]"
0.09956479886693997,0,valid,"(-0.001, 0.2]"
0.09901158165237557,0,valid,"(-0.001, 0.2]"
0.11343000805230122,0,valid,"(-0.001, 0.2]"
0.11625511667537645,0,valid,"(-0.001, 0.2]"
0.21953695347297486,1,valid,"(0.2, 0.4]"
0.553612885031348,1,valid,"(0.4, 0.6]"
0.21250011442138197,0,valid,"(0.2, 0.4]"
0.14955948988442064,0,valid,"(-0.001, 0.2]"
0.19906878686556423,0,valid,"(-0.001, 0.2]"
0.21684201827143285,1,valid,"(0.2, 0.4]"
0.1013518078288508,1,valid,"(-0.001, 0.2]"
0.11660622649414118,0,valid,"(-0.001, 0.2]"
0.7634925032056963,1,valid,"(0.6, 0.8]"
0.2379603570832473,0,valid,"(0.2, 0.4]"
0.7897370521676208,1,valid,"(0.6, 0.8]"
0.9327832127043372,1,valid,"(0.8, 1.0]"
0.37625140803332485,0,valid,"(0.2, 0.4]"
0.7668004327705708,1,valid,"(0.6, 0.8]"
0.10200939988512883,1,valid,"(-0.001, 0.2]"
0.3395414474430415,0,valid,"(0.2, 0.4]"
0.15678576694957486,0,valid,"(-0.001, 0.2]"
0.1335861635311577,0,valid,"(-0.001, 0.2]"
0.36538435967796623,1,valid,"(0.2, 0.4]"
